label,feature_1,feature_2,feature_3,feature_4,feature_5,feature_6,feature_7,feature_8,feature_9,feature_10,feature_11,feature_12,feature_13,feature_14,feature_15,feature_16,feature_17,feature_18,feature_19,feature_20,feature_21,feature_22,feature_23,feature_24,feature_25,feature_26,feature_27,feature_28,feature_29,feature_30,feature_31,feature_32,feature_33,feature_34,feature_35,feature_36,feature_37,feature_38,feature_39,feature_40,feature_41,feature_42
pinch,0.0,0.0,0.20211831117515167,0.1553571648884001,0.35565220898079336,0.43784875943805246,0.454975220005472,0.7521063189768299,0.5430441714129516,1.0672887033060023,0.19502424755686118,0.9839104116759368,0.2291352874193345,1.4296470743610952,0.2592951656785644,1.7116980487371225,0.2786062269089864,1.9800518236255262,0.010917810274977935,0.9999403989332561,-0.021646816451565812,1.4832750423982075,-0.03657198444158695,1.7764491375962834,-0.03935953414571521,2.044390807664822,-0.14569073816240283,0.8862568239230003,-0.2191880192336249,1.318747849771375,-0.2597386142043509,1.596511691400511,-0.27986164433727945,1.8624594195615924,-0.27393174901525064,0.6861528095175833,-0.35927695092473766,0.9855888764013101,-0.4037886299144869,1.1943102307129372,-0.4308143230472987,1.406835533216121
pinch,0.0,0.0,0.15055643651605352,0.2356298045798207,0.24131033622360287,0.5653231188227044,0.2852914097785179,0.9050014849039154,0.3372440695928403,1.2036315482234798,0.09141018097083012,1.0287728401164156,0.06556023005100728,1.367570667089072,0.05234966031648317,1.5557994567082276,0.03666132120439534,1.73890563529222,-0.06115638560834863,0.9981281964253504,-0.11437416950237238,1.3164905782066834,-0.14869484808965908,1.4759306051230303,-0.1767371223575794,1.6001945789571437,-0.1777491919723112,0.8818090506017123,-0.24859754876447945,1.1509535249076366,-0.28742969777073873,1.2969045777044492,-0.31833325161005777,1.4161015324333137,-0.2850372434749501,0.6912228666639006,-0.3619411180088153,0.8711028602485376,-0.4056190302392647,0.987663793906016,-0.4455275131312367,1.0965763157233217
pinch,0.0,0.0,0.18074775176940813,0.13677560474806297,0.33476888183567705,0.34651093334836297,0.4776797846695356,0.538990557955552,0.613614766586103,0.7024602126470579,0.15117164395550362,0.9475473006337447,0.24979377512063583,1.317727656748585,0.3132993421475217,1.5566534570995518,0.3591012077698069,1.7748818041828311,-0.003280383348414314,0.9999946195280689,-0.032376464853794515,1.430906921615989,-0.04374224468415542,1.7049399217242895,-0.05228988872245877,1.9378923327782847,-0.13171327471292985,0.9202497909840949,-0.23041004949403276,1.289646592704741,-0.2822388442432907,1.5383764927242962,-0.3211414004414038,1.76838780959338,-0.22858236662807374,0.7388248180443344,-0.3668413435989727,0.9525233155056826,-0.45442571969701884,1.1152702842789266,-0.5301870898879673,1.2785507513328631
pinch,0.0,0.0,0.18845622185733474,0.17368997820309998,0.30935240848859646,0.5315089709511317,0.3748311504946434,0.8589913748478365,0.41461656449734463,1.1860126127737505,0.07588975867034782,1.1268105313437504,-0.05566148969628104,1.6533762834253332,-0.04722137293601978,1.369058719450679,0.0025078664761509543,1.0979026511025265,-0.10272940749610893,0.9947093388701537,-0.26048802907792895,1.4258859962716601,-0.18883796362941013,1.040018126539281,-0.09073454169137604,0.82303972688902,-0.24929077604862515,0.8120175020408643,-0.40890476376637985,1.1808248010800406,-0.3137793489990682,0.8301202361988036,-0.1991495420396163,0.6344050217925561,-0.37396056015307366,0.5815242638832384,-0.5085920348448459,0.8278512743416004,-0.4230208666321904,0.6177452378251791,-0.30491611404066327,0.46260420187784157
pinch,0.0,0.0,0.20206068674678365,0.15432870984319824,0.3556158949943247,0.4344114264227253,0.46210876433824516,0.7053809759042976,0.5198533856105098,0.9542337708856174,0.23181259484132624,0.9395699664456059,0.27417596946391837,1.3003365860321499,0.29827880987450106,1.5027199827830677,0.31618167593784063,1.6997956381190813,0.10229881860107531,0.9947537140985322,0.10415993967425252,1.391812026139046,0.10616864308291478,1.6284463178314932,0.1134660504590957,1.8282985764450512,-0.0173817791185277,0.9544975995812448,-0.04037825743192974,1.32594936557719,-0.04935550894866014,1.562926499795564,-0.04894409791754774,1.7810867177666099,-0.12914448345556692,0.8499622178583297,-0.15214795339787607,1.1332648743773064,-0.1616902633086896,1.32281138774529,-0.1707060951391484,1.512428912476752
pinch,0.0,0.0,0.1681804724332214,0.2780422715552755,0.2552000464982431,0.685070041838665,0.291268042098103,1.0446602960311335,0.32326148509972835,1.3450886383990148,0.2108918566259099,0.9834743105069667,0.21780284153151402,1.3094529614779733,0.22186410292216036,1.4194591474184604,0.2268979262760596,1.3727577427077984,0.09591688564065509,0.9953893464614725,0.09138910286366342,1.3953410993450381,0.1079435677389017,1.4222269084866244,0.12918495544998754,1.2720467184900843,-0.020281408091016414,0.9537229170093673,-0.04629726339193068,1.3334545785729233,-0.013802210215927169,1.324596343147599,0.016605591720427505,1.1137020054962727,-0.1433507244974769,0.8699671318797007,-0.1621002766099295,1.19051588151068,-0.13403411962646156,1.2352878459197905,-0.10061408701037085,1.0952021508703769
pinch,0.0,0.0,0.17430281777411968,0.2793062934865475,0.267977811100038,0.6912901160586123,0.29234910563182426,1.0557085564550295,0.3058217227692633,1.3638853153904908,0.2059041542468797,0.9702436920433172,0.21255323925388817,1.3106223941379382,0.19636522193841116,1.519564524589245,0.17319016165663548,1.7328745905070317,0.08873081330954112,0.9960556424063002,0.09067773923287112,1.3556160593931679,0.0799821389179816,1.5895850392391513,0.0695666142599624,1.8314194326591229,-0.020124191705841864,0.9492055645670086,-0.034613794672894445,1.3083353763455514,-0.04961491359358988,1.555053577918086,-0.06139987484434455,1.788348420103628,-0.13086379469678783,0.8552932626924595,-0.13628730419449453,1.1401857762964194,-0.1448293449903186,1.3372591006257242,-0.15260620130899158,1.5413307598605095
pinch,0.0,0.0,0.2152257701862846,0.20272766735266126,0.38542880904587823,0.6041813455545402,0.49148255148230174,0.9398674624252363,0.6012160338982967,1.1989525372589036,0.25860796240014855,0.9782460723613252,0.3144377658047039,1.3183978830557168,0.3804594391198134,1.2197195381076307,0.4107634172493772,1.065746074031114,0.14121866524448692,0.9899784283440551,0.2367221866423213,1.2992410333095366,0.23850391630631534,0.9274320477828888,0.17669201602083884,0.8020337527884848,0.009880547846048398,0.9676828278897587,0.10423108198307217,1.2751910937447302,0.11616550789810917,0.9057350084426536,0.06749993631861585,0.7535425505060768,-0.13607296217033218,0.9038199436315107,-0.04597778307836205,1.1773253696701977,-0.005117899078353922,0.9202920023333562,-0.03030687222578098,0.7606869370999353
pinch,0.0,0.0,0.448169813065221,-0.19679801431389668,0.764230076290157,-0.16169723561537486,1.0229690536480014,-0.11490261640568385,1.1959780501141468,0.08438613713768509,0.5845045599747953,0.5563640063842513,0.7854069764138002,0.7810234912835974,0.8648757526987818,0.7402055958338208,0.9080697197136269,0.6084957780551976,0.5017312833508706,0.8650235368515058,0.7645882303819015,1.1287097090790645,0.9662812117997918,1.2054694982644112,1.1444126141597595,1.198236828037764,0.3757601007465296,1.1429896263752886,0.6312069782125993,1.5319553280304221,0.8426872678614292,1.7558942740054806,1.0232847544441461,1.8961360370987657,0.19190246365944816,1.380024173998187,0.3926390058816247,1.7195262425501607,0.5711987342755483,1.8895016519760879,0.745677402562563,2.0113294804624506
pinch,0.0,0.0,0.22656328300462125,0.03994442417917823,0.4352362939295028,0.11313914338247935,0.622104312069079,0.08243601190468483,0.7600094355913525,-0.020504282305045873,0.40618791704107704,0.8038097275940848,0.5754305783047191,1.0465841991417888,0.6878595095132642,1.197418034192061,0.7781143430505021,1.3273685960028638,0.3017069825899726,0.9534007009943165,0.40941648419836013,1.334842757548833,0.48739578051622406,1.5812176043561874,0.550678847976908,1.7729840822540617,0.17505140982428768,1.0095018632155037,0.21519262815486437,1.3989916265939661,0.24296578203161842,1.6631849943952484,0.2711749260907289,1.8803471859939163,0.046420017599782266,0.9782063411799282,-0.019077756411667098,1.278965730581711,-0.05133963968048329,1.501398112806291,-0.07573431374380649,1.7028237234208805
pinch,0.0,0.0,0.23283023380473508,0.11166341035903347,0.47023131803775503,0.4336834324127026,0.601313585248498,0.7731129118226,0.5695812235064666,1.0477540990263141,0.41604899353293795,0.9143287339184061,0.5320452093534178,1.1615894277921317,0.47773360514303326,0.802599425745382,0.42238234437829414,0.7568197015049752,0.2734992487266164,0.961872216537091,0.3905963741356007,1.1574994088436112,0.3424224594197807,0.6983551802857266,0.28551519740839026,0.7374257135786632,0.12362516994266529,0.947818951297668,0.24187516841462248,1.0786434332272494,0.21413422081574238,0.6425503761227876,0.14622308829662814,0.6694036869408511,-0.025785204987184274,0.9106292635414953,0.10104844339672585,0.9600623006591453,0.11255395012725063,0.6700072180214085,0.05285614309403619,0.6593367072335052
pinch,0.0,0.0,0.26745941506911003,0.0681650991879508,0.4969570227422576,0.31968640034320944,0.6121879834407875,0.6578988187302991,0.5473891143762835,0.9168725972321508,0.42705309799192137,0.8611463631809056,0.5274187712086911,1.294701832522677,0.5267959197062096,1.0401035572195958,0.4770137600747732,0.803970178127405,0.30523394745728416,0.952277395153137,0.40115841865635965,1.411661177534431,0.4000683331731434,1.05117833751724,0.3480396362792354,0.7940831256795631,0.17416280127310987,0.9970934296926047,0.2717615911390673,1.4290153918254032,0.2846202517043822,1.0721754511959656,0.23765989925496284,0.8030980715992825,0.022982285973606312,0.9963055206348882,0.11967273483946593,1.3302360256501646,0.16823951399775028,1.100941807789447,0.14924921794321752,0.8730970641616173
pinch,0.0,0.0,0.4934054758749354,-0.3305132822433487,0.8440237787411262,-0.35178249499007097,1.0203560577158077,0.07440712927004302,0.9087425201142156,0.47259702813830834,0.7456582477080821,0.5060780216734411,0.9624735627950987,0.855712405541078,1.0022311977750265,0.6944093212326944,0.9427124571068536,0.4916365242895163,0.6160442834319472,0.7877115213393915,0.8607312713944478,1.2187118183980052,0.7933366977614972,0.818739007979549,0.6239140843131815,0.47225664628121533,0.4760022254711912,1.050666932831007,0.7298738361821479,1.446194787058939,0.6486178792569053,0.9852221009445338,0.4437860736824917,0.6304342495878867,0.2863014706023373,1.3345616020995195,0.5408657368493227,1.6427734959292446,0.5431172551182154,1.2961227529274275,0.40501201301062967,0.9853977207482694
pinch,0.0,0.0,0.20903561836254766,0.14429707291625632,0.3632901892390372,0.42317503048637956,0.4802512516153511,0.6732965905499507,0.5440988944562944,0.9156462926089692,0.23897058585680614,0.9550148928154737,0.28209696806563234,1.278303629215466,0.3186374373437851,1.4447697038860423,0.35975607916233654,1.5925923411442278,0.10356642306498509,0.9946225394658641,0.11028984818440393,1.3487293806630904,0.13236593946159497,1.5422233901840108,0.1723221272214843,1.6814128842418465,-0.02106644588229933,0.9500500160212535,-0.04448948543733193,1.286461176911721,-0.034267459915377656,1.489531091971268,-0.005384983554728965,1.668232629710588,-0.13701208766396716,0.8414931179793532,-0.1982821183767136,1.097722263956106,-0.22179670265217663,1.2743562021401298,-0.2371819908842369,1.4543822897474332
pinch,0.0,0.0,0.18495002700977023,0.2038531261547834,0.32131560746022153,0.5501739528829357,0.38994133298056705,0.8788041440004913,0.4373860246536256,1.1800700437453917,0.34220052810108337,0.9101851624891124,0.39923356632606877,1.1408415995918426,0.41495838656008294,1.2580442794454676,0.4046860338263218,1.2270008368232859,0.20896329257785634,0.9779234849184374,0.24311243317127937,1.2910266761111016,0.2507405409466873,1.2177072412548677,0.26016184491350597,1.0679911951134686,0.06763360154263638,0.9747319669034709,0.08477002527363998,1.3186360399002877,0.09541809611549608,1.1107897701137763,0.10142371125868882,0.8593175451831851,-0.08220504466122745,0.9102880103192911,-0.054271301540103435,1.1648532475202158,-0.02404604405700898,1.0134328050937604,-0.006119190478837128,0.8108969910684806
pinch,0.0,0.0,0.1589736273184683,0.22091626496131261,0.2259740619167287,0.5501395963743354,0.23546093193712647,0.856487370206038,0.24817480560781202,1.1361612075414067,0.1500517292193126,0.9944681636603057,0.15973646959000712,1.3567655381987132,0.15222260339321197,1.5568857841499433,0.13567629346414725,1.7332836831189031,0.04081624832883452,0.9991666697164987,0.052671862873428475,1.3857169539829932,0.060318229023854045,1.6071407718734276,0.06880399610197875,1.7904276833014037,-0.06116058534085349,0.9349928538847464,-0.07071465528462731,1.2898846561342914,-0.0719477562869745,1.497436017381908,-0.06840572221055641,1.6733678092383624,-0.16967495124205662,0.8175100073197017,-0.19984940563178047,1.0773607820224962,-0.20986360154304734,1.2419623149656922,-0.21579330870846594,1.3988079212551157
